Model,Train R2,Test R2,Train RMSE,Test RMSE
BaggingRegressor,0.982798358520471,0.9758215162705732,523.314896903334,618.4104529958266
