Model,Train R2,Test R2,Train RMSE,Test RMSE
CatBoostRegressor,0.985942650603591,0.982548575964216,473.07486220266316,525.3850690557733
