Model,Train R2,Test R2,Train RMSE,Test RMSE
ElasticNet (GridSearchCV),0.914474847295247,0.9079459539259913,1166.877003560823,1206.6567085969957
