Model,Train R2,Test R2,Train RMSE,Test RMSE
GradientBoostingRegressor,0.9789284698542613,0.9761202720399255,579.1968466516798,614.5779554209855
