Model,Train R2,Test R2,Train RMSE,Test RMSE
StackingRegressor,0.9869250006116003,0.9816540221331448,456.24591650600894,538.6823219183169
